,City Name,Lat,Lng,Max_Temp,Cloudiness,Humidity,Wind_Speed
0,Bluff,-23.58,149.07,60.28,0,85,2.95
1,Iskateley,67.68,53.15,28.51,92,92,3.06
2,Atuona,-9.8,-139.03,82.69,24,98,15.48
3,Jamestown,-33.21,138.6,40.21,0,81,2.73
4,Souillac,45.6,-0.6,53.6,0,66,6.93
5,Rikitea,-23.12,-134.97,77.2,88,100,6.42
6,Vaini,15.34,74.49,69.01,0,88,1.05
7,Kodiak,39.95,-94.76,73.4,75,26,13.87
8,Iquique,-20.22,-70.14,73.4,0,60,24.16
9,Longyearbyen,78.22,15.63,10.4,20,78,3.36
10,Petropavlovsk-Kamchatskiy,53.05,158.65,32.0,40,85,6.71
11,Ilulissat,69.22,-51.1,41.0,75,41,18.34
12,Lydenburg,-25.1,30.46,66.0,76,95,1.95
13,Lulea,65.58,22.15,32.0,90,88,11.41
14,Forio,40.73,13.86,55.99,20,76,6.93
15,Huarmey,-10.07,-78.15,77.02,12,57,3.74
16,Leningradskiy,69.38,178.42,2.77,36,95,3.18
17,Hithadhoo,-0.6,73.08,85.03,56,100,4.41
18,New,38.43,-84.81,68.0,90,88,6.93
19,Katsuura,33.93,134.5,53.6,75,87,19.46
20,Dunedin,-45.87,170.5,55.0,0,80,14.0
21,Butaritari,3.07,172.79,81.16,56,100,12.68
22,Mataura,-46.19,168.86,39.31,0,67,3.62
23,Grand,48.39,5.49,51.01,0,93,9.78
24,Lavrentiya,65.58,-170.99,13.75,0,96,38.74
25,Luderitz,-26.65,15.16,59.2,0,88,14.25
26,Torbay,47.66,-52.73,34.0,90,74,14.99
27,Lorengau,-2.02,147.27,80.17,92,100,3.62
28,Fortuna,38.18,-1.13,66.2,20,32,10.29
29,Qaanaaq,77.48,-69.36,22.39,80,88,13.13
30,Lianran,24.92,102.47,59.0,0,58,11.18
31,Flin,48.5,6.66,51.8,0,93,8.77
32,Margate,-43.03,147.26,51.8,20,57,8.05
33,Vostok,46.45,135.83,17.08,32,74,1.95
34,Grindavik,63.84,-22.43,43.0,75,100,11.41
35,Isangel,-19.55,169.27,77.29,0,100,10.11
36,Porosozero,62.72,32.71,27.88,76,80,2.28
37,Puerto,8.5,124.75,77.0,20,90,5.99
38,Hilo,19.71,-155.08,79.0,1,54,4.7
39,Hermanus,-34.42,19.24,63.0,0,90,1.95
40,Ossora,59.24,163.07,27.16,32,92,13.24
41,Iglesias,42.3,-3.99,43.0,92,93,17.22
42,Bathsheba,13.22,-59.52,82.4,20,65,21.92
43,Makakilo,21.35,-158.09,75.99,1,73,5.82
44,Manicore,-5.81,-61.3,85.3,64,73,2.39
45,Ushuaia,-54.81,-68.31,44.6,75,77,19.46
46,Cape,43.58,0.42,51.8,0,75,3.36
47,Bambous,-20.26,57.41,80.6,40,74,16.11
48,Sechura,-5.56,-80.82,79.9,0,65,12.01
49,Malpe,13.35,74.72,84.2,40,74,5.82
50,Barra,-11.09,-43.14,78.01,12,88,2.95
51,Hobart,-42.88,147.33,48.99,40,76,5.82
52,Nchelenge,-9.35,28.74,65.59,88,100,4.18
53,Talnakh,69.49,88.39,18.16,88,91,12.46
54,Lagoa,37.14,-8.45,60.8,40,87,13.87
55,Poum,41.28,20.71,46.69,92,96,1.28
56,Toropets,56.5,31.64,41.2,56,61,9.78
57,Boa,4.43,8.97,77.65,24,100,0.38
58,Puerto,8.5,124.75,77.0,20,90,5.99
59,Kapaa,22.08,-159.32,77.0,40,69,4.7
60,Dikson,73.51,80.55,13.21,48,100,5.53
61,Barrow,-38.31,-60.23,80.62,0,32,9.1
62,Anamur,36.08,32.84,55.4,0,93,4.7
63,Punta,11.01,124.6,74.95,80,100,2.17
64,Cherskiy,68.75,161.3,9.16,0,63,2.39
65,Salalah,17.01,54.1,80.6,0,78,3.36
66,Nouadhibou,20.93,-17.03,68.0,0,64,17.22
67,San,13.3,-4.9,85.93,36,27,9.78
68,Porto,41.15,-8.61,60.01,90,93,14.99
69,Taraz,42.89,71.39,44.6,68,87,6.71
70,Tasiilaq,65.61,-37.64,30.2,92,63,21.92
71,Nikolskoye,59.7,30.79,44.01,0,48,6.71
72,Ostrovnoy,68.05,39.51,24.28,68,86,7.99
73,Sitka,37.17,-99.65,75.0,0,34,5.99
74,Ponta,31.9,-95.08,79.0,90,94,3.36
75,Faanui,-16.48,-151.75,84.13,64,100,17.27
76,Pacific,47.26,-122.25,52.0,90,81,6.93
77,Mount,53.66,-1.85,54.0,75,93,10.29
78,East,3.43,31.7,66.76,32,93,2.62
79,Khatanga,71.98,102.47,8.44,24,72,10.78
80,Georgetown,6.8,-58.16,87.8,20,58,11.41
81,Santa,17.49,120.43,67.93,0,82,3.18
82,Sherpur,25.02,90.01,65.05,44,94,2.95
83,Kaeo,-35.1,173.78,50.0,8,94,7.99
84,Yellowknife,62.45,-114.38,28.99,90,79,10.29
85,Karangasem,-6.7,108.49,79.63,24,100,6.42
86,Tonantins,-2.86,-67.77,76.03,92,91,9.55
87,Pevek,69.7,170.27,-0.3,36,100,5.86
88,Tiksi,71.64,128.87,21.58,56,76,11.34
89,Sayat,38.78,63.88,59.0,0,93,6.93
90,Busselton,-33.64,115.35,51.01,0,60,12.46
91,Manakara,-22.14,48.01,78.73,56,90,3.51
92,Yar-Sale,66.83,70.83,23.02,24,85,11.68
93,Beni,0.49,29.47,63.16,12,94,2.17
94,Gualeguaychu,-33.01,-58.51,73.51,0,42,2.95
95,Hovd,63.83,10.7,39.99,75,69,6.93
96,Tikrit,34.62,43.68,50.65,48,86,2.73
97,Havre-Saint-Pierre,50.23,-63.6,26.6,90,42,23.04
98,Mar,29.86,90.73,16.81,56,79,2.39
99,Mahebourg,-20.41,57.7,80.6,40,74,16.11
100,Bonfim,3.36,-59.84,95.38,20,35,15.26
101,Japura,-0.42,102.29,75.58,8,93,2.17
102,San,13.3,-4.9,85.93,36,27,9.78
103,Rawson,-43.3,-65.11,78.19,92,34,6.53
104,Bredasdorp,-34.53,20.04,63.0,0,88,3.36
105,Villa,45.81,7.27,46.99,75,81,2.24
106,Hibbing,47.43,-92.94,44.6,90,100,6.08
107,Savinka,50.08,47.1,48.85,88,97,6.76
108,Lodja,-3.52,23.6,72.88,0,95,2.73
109,Iqaluit,63.75,-68.52,24.8,90,85,16.11
110,Victoria,5.28,115.24,80.6,75,88,5.19
111,Tuktoyaktuk,69.44,-133.03,6.8,75,77,9.17
112,Beringovskiy,63.05,179.32,10.33,36,92,25.88
113,Avera,33.19,-82.53,82.4,40,57,4.7
114,Mokrous,51.24,47.51,37.78,92,86,5.41
115,Saskylakh,71.97,114.09,11.14,32,69,9.44
116,Belawan,-0.59,114.46,71.98,92,100,2.39
117,Nara,34.68,135.8,53.01,90,93,9.17
118,Palmares,-8.68,-35.59,76.75,92,86,5.75
119,Shimoda,34.7,138.93,55.4,75,82,11.41
120,Gao,16.28,-0.04,82.24,0,18,9.22
121,Victor,38.71,-105.14,73.0,1,13,13.87
122,Vao,59.1,26.19,43.18,68,82,7.43
123,Severo-Kurilsk,50.68,156.12,32.65,88,95,24.32
124,Kalmunai,7.42,81.82,73.87,8,100,2.95
125,Xai-Xai,-25.04,33.64,75.58,0,100,7.76
126,Khani,41.96,42.96,53.6,0,87,5.82
127,Avarua,-21.21,-159.78,80.6,32,78,12.75
128,College,64.86,-147.8,48.0,1,44,3.36
129,Tabuk,17.41,121.44,68.02,76,94,1.61
130,Vanavara,60.35,102.28,23.2,0,74,7.31
131,Castro,-42.48,-73.76,66.2,75,72,12.75
132,Labuhan,-2.54,115.51,72.16,92,97,0.49
133,Aksehir,38.36,31.42,40.12,0,89,1.72
134,Lerwick,60.15,-1.15,42.8,0,97,26.4
135,Igarka,67.47,86.57,20.41,20,85,16.71
136,Okato,-39.19,173.88,64.99,44,63,8.99
137,Clyde,-45.19,169.32,32.29,0,79,2.06
138,Ibra,22.69,58.55,65.32,8,42,2.28
139,Bagalkot,16.19,75.7,70.63,0,75,3.29
140,Muros,42.77,-9.06,57.99,90,100,6.93
141,Namibe,-15.19,12.15,77.02,0,100,7.76
142,Camacha,33.08,-16.33,64.4,20,63,14.99
143,Arraial,-22.84,-46.65,82.4,40,69,4.7
144,Byron,32.65,-83.76,84.2,75,57,10.29
145,Bang,10.45,13.37,79.54,24,50,0.94
146,Tazovskiy,67.47,78.7,28.06,92,93,9.55
147,Baykit,61.68,96.39,14.83,8,83,6.31
148,Boyabat,41.47,34.77,48.85,92,56,0.27
149,Sabla,12.75,4.71,82.42,32,66,3.4
150,Hami,42.84,93.51,43.45,88,68,1.39
151,Fare,-16.7,-151.02,84.67,64,97,16.26
152,Atambua,-9.11,124.89,76.39,0,100,1.72
153,Kungurtug,50.6,97.53,18.52,80,77,6.2
154,Cidreira,-30.17,-50.22,68.83,92,96,8.32
155,Upernavik,72.79,-56.15,36.16,20,83,19.95
156,Erzin,36.95,36.2,63.0,0,67,8.05
157,Markapur,15.74,79.27,72.43,12,74,3.29
158,Filingue,14.35,3.32,84.58,0,25,7.76
159,Saint-Augustin,44.83,-0.61,51.8,0,76,3.36
160,Baytown,29.74,-94.98,66.2,75,88,5.82
161,Marsh,53.65,-1.81,54.0,75,93,10.29
162,Adrar,27.87,-0.29,75.2,0,10,6.93
163,Hailey,43.52,-114.32,46.4,40,70,8.05
164,Cluses,46.06,6.58,48.2,75,70,2.24
165,Hasaki,35.73,140.83,50.0,0,66,17.22
166,Nabire,-3.36,135.5,67.93,92,99,2.17
167,Mudgee,-32.6,149.59,51.8,0,93,6.53
168,Sturgis,44.41,-103.51,72.0,1,23,18.34
169,Prado,-17.34,-39.22,82.78,48,94,12.91
170,Kamaishi,39.28,141.86,30.76,12,79,3.85
171,Thompson,55.74,-97.86,23.0,90,45,10.29
172,Dawson,39.85,-89.46,75.99,90,64,9.17
173,Kahului,20.89,-156.47,79.0,20,57,7.2
174,Cayenne,4.94,-52.33,80.6,90,78,8.05
175,San,13.3,-4.9,85.93,36,27,9.78
176,Formoso,39.78,-97.99,73.4,40,35,18.34
177,Kruisfontein,-34.0,24.73,67.03,20,77,15.48
178,Phan,19.55,99.74,71.6,20,83,4.7
179,Chuy,-33.69,-53.46,69.19,0,83,3.74
180,Moranbah,-22.0,148.04,60.46,0,87,6.2
181,Natal,-5.81,-35.21,87.8,20,62,14.99
182,Deer,38.62,-91.8,81.0,40,53,17.22
183,Sangar,63.92,127.47,15.1,8,74,3.62
184,Nahrin,36.06,69.13,49.84,92,99,2.06
185,Norman,35.22,-97.44,77.0,1,73,5.97
186,Chimore,-16.98,-65.13,76.57,8,69,3.29
187,Anupgarh,29.19,73.21,70.45,0,58,1.95
188,Oranjestad,12.52,-70.03,86.0,20,62,26.4
189,Vanimo,-2.67,141.3,80.35,48,100,6.2
190,Lata,30.78,78.62,45.25,24,79,2.51
191,Dongsheng,29.72,112.52,67.21,0,90,9.89
192,Paulo,-0.77,34.6,62.53,0,85,2.39
193,Galle,29.74,-97.91,75.0,40,64,11.41
194,Tecoanapa,16.99,-99.26,82.4,40,74,11.41
195,Brindisi,40.63,17.94,55.4,40,93,2.24
196,Muisne,0.61,-80.02,84.2,20,79,10.29
197,Geraldton,49.72,-86.95,32.0,90,77,14.99
198,Vila,45.18,8.4,51.01,75,81,3.36
199,Caohe,32.93,105.08,47.95,32,79,0.94
200,Svetlogorsk,53.14,59.15,33.8,24,74,8.95
201,Airai,-8.93,125.41,66.49,0,89,1.39
202,Ust-Nera,64.57,143.24,18.7,80,89,2.62
203,Klyuchi,52.25,79.17,25.18,0,63,4.63
204,Strezhevoy,60.73,77.6,28.4,0,63,6.71
205,Slonim,53.09,25.32,39.49,0,92,2.95
206,Pangnirtung,66.15,-65.72,26.6,90,63,6.93
207,Mayumba,-3.44,10.65,82.15,88,92,5.19
208,Tabou,4.42,-7.36,83.5,24,100,14.03
209,Port,46.16,5.57,50.0,75,70,2.24
210,Berlevag,70.86,29.09,30.2,90,100,4.7
211,Mount,53.66,-1.85,54.0,75,93,10.29
212,Brookhaven,40.78,-72.92,64.99,1,47,11.41
213,Jinka,5.79,36.57,65.95,24,67,1.61
214,Lamar,38.09,-102.62,71.6,1,18,12.75
215,Taunsa,30.7,70.65,71.71,0,62,17.05
216,Hojo,33.98,132.78,57.99,40,87,3.36
217,Ahipara,-35.17,173.16,63.52,76,85,15.93
218,Mys,62.06,48.62,35.26,92,98,3.29
219,Port,46.16,5.57,50.0,75,70,2.24
220,Pisco,-13.71,-76.2,71.6,0,30,9.17
221,Caravelas,-17.73,-39.27,83.23,0,96,13.47
222,Portland,45.52,-122.67,54.0,90,87,5.82
223,Adelaide,-34.93,138.6,62.6,75,77,12.75
224,Vrangel,42.73,133.08,36.43,92,99,5.64
225,Askiz,53.13,90.53,25.72,80,78,4.63
226,Tanout,14.97,8.88,86.11,20,20,11.45
227,Biltine,14.53,20.93,72.61,0,43,4.29
228,Bubaque,11.28,-15.83,84.31,24,88,12.91
229,Coihaique,-45.58,-72.07,59.0,90,87,5.82
230,Carnarvon,-30.97,22.13,58.66,76,73,10.56
231,Nantucket,41.28,-70.1,55.4,1,76,11.41
232,Milkovo,41.53,24.68,53.6,90,100,3.36
233,Sikonge,-5.63,32.75,74.5,0,44,10.0
234,Gravdal,59.79,5.78,44.01,20,80,8.05
235,Albany,42.65,-73.75,68.0,75,42,4.7
236,Mumford,5.26,-0.76,81.88,32,82,11.34
237,Nanortalik,60.14,-45.24,31.66,8,98,1.16
238,Uitenhage,-33.77,25.4,66.2,0,88,14.99
239,Amboasary,-25.04,46.38,77.0,20,83,13.87
240,Flinders,-34.58,150.85,66.99,0,71,2.24
241,Broome,52.47,1.45,48.0,90,93,4.7
242,Bethel,60.79,-161.76,32.0,20,80,14.99
243,Pakokku,21.33,95.09,65.5,76,98,3.85
244,Leh,34.16,77.58,9.25,80,87,1.05
245,Oyama,36.31,139.8,57.0,75,57,19.46
246,Provideniya,64.42,-173.23,16.45,0,100,25.88
247,Bilibino,68.06,166.44,10.69,0,75,2.39
248,Chapais,49.78,-74.86,24.8,1,38,12.75
249,Alta,69.97,23.27,30.2,75,74,6.93
250,Vila,45.18,8.4,51.01,75,81,3.36
251,Marzuq,14.4,46.47,55.24,0,79,2.51
252,Lasa,34.92,32.53,60.8,0,87,5.82
253,Vieques,18.43,-65.83,84.99,40,65,11.41
254,Carbondale,38.82,-95.69,75.99,20,56,13.87
255,Mehamn,71.03,27.85,30.2,75,63,16.11
256,Port-Gentil,-0.72,8.78,84.2,20,79,6.93
257,Juneau,58.3,-134.42,50.0,90,66,16.11
258,Bojnurd,37.47,57.33,59.0,0,77,6.93
259,Ancud,-41.87,-73.83,66.2,75,72,12.75
260,Codrington,-28.95,153.24,64.99,75,100,5.82
261,Northam,51.04,-4.21,51.01,8,87,4.7
262,Simao,22.76,100.79,56.23,0,92,1.95
263,Daru,7.99,-10.85,72.7,92,97,6.76
264,Yeppoon,-23.13,150.74,68.0,12,77,5.82
265,Auki,12.18,6.51,86.56,88,44,7.43
266,Dingle,11.0,122.67,76.57,44,90,10.22
267,Roseburg,43.22,-123.34,59.0,90,87,3.36
268,Joensuu,62.6,29.76,41.0,0,44,4.7
269,Bandarbeyla,9.49,50.81,79.9,0,100,6.64
270,Taltal,-25.41,-70.49,67.48,0,72,3.74
271,Itacare,-14.28,-39.0,86.0,20,79,9.17
272,Melito,40.33,15.07,55.99,68,10,1.99
273,Novaya,54.72,41.58,26.35,0,76,0.6
274,Aklavik,68.22,-135.01,14.0,40,65,5.82
275,San,13.3,-4.9,85.93,36,27,9.78
276,Krasnokamensk,50.1,118.04,15.01,0,70,4.97
277,Mangaratiba,-22.96,-44.04,93.2,40,66,9.17
278,Beloha,-25.17,45.06,75.76,8,71,11.23
279,Wankaner,22.62,70.95,88.0,8,35,11.12
280,Puerto,8.5,124.75,77.0,20,90,1.99
281,Obidos,39.36,-9.16,59.0,75,87,12.75
282,Abu,34.51,131.49,55.0,75,87,2.24
283,Ximei,23.74,120.51,80.01,75,94,3.36
284,Aksha,50.28,113.29,11.95,0,73,2.95
285,Dicabisagan,17.08,122.42,73.33,56,100,3.74
286,Kloulklubed,7.04,134.26,78.8,90,88,8.05
287,Manta,45.1,24.1,47.95,80,77,4.07
288,Molaoi,36.81,22.85,60.01,92,81,4.63
289,Maumere,-8.63,122.22,82.6,100,100,7.87
290,Nyurba,63.29,118.35,22.75,0,76,6.2
291,Tulun,54.56,100.58,28.24,32,67,5.64
292,Phimai,15.22,102.49,86.0,12,83,4.7
293,Sao,20.51,76.21,74.14,0,38,6.2
294,Montepuez,-13.13,39.0,79.54,100,69,9.55
295,Peru,41.33,-89.13,73.0,90,72,12.75
296,Saint-Philippe,45.36,-73.48,53.01,90,43,4.7
297,Divnomorskoye,44.5,38.13,58.75,24,48,10.89
298,Wabag,-5.48,143.7,48.58,20,91,2.06
299,Lebu,8.96,38.73,56.59,36,62,4.97
300,Ribeira,-22.83,-43.17,89.6,40,74,12.75
301,Dwarka,28.58,77.04,90.0,75,47,3.36
302,Narsaq,60.91,-46.05,32.0,88,88,2.24
303,Westport,53.8,-9.52,50.0,40,81,11.41
304,Kavieng,-2.57,150.8,79.81,80,100,5.97
305,Sao,20.51,76.21,74.14,0,38,6.2
306,Carutapera,-1.2,-46.02,79.36,92,94,4.41
307,Bagdarin,54.44,113.59,5.38,0,65,2.39
308,Juruti,-2.16,-56.09,83.86,68,80,2.06
309,Porbandar,21.64,69.61,76.75,0,84,9.66
310,Barstow,31.46,-103.39,84.2,1,11,14.99
311,Porgera,-5.46,143.15,48.58,20,91,2.06
312,Ughelli,5.49,6.0,81.52,68,81,7.65
313,Along,28.17,94.8,57.13,76,79,1.72
314,Maragogi,-9.01,-35.22,79.27,64,90,6.53
315,Kurchum,48.57,83.65,31.39,0,68,10.11
316,Sinnai,39.3,9.2,53.6,40,81,9.17
317,Karratha,-20.74,116.85,73.06,0,89,2.84
318,Mabama,8.94,-11.9,88.09,80,42,9.78
319,Gueret,46.17,1.87,50.0,0,66,4.7
320,Hofn,64.25,-15.21,36.52,88,100,15.37
321,Abu,34.51,131.49,55.0,75,87,2.24
322,Verkhnyaya,60.98,40.21,22.39,0,78,4.85
323,Saint-Pierre,48.95,4.24,53.6,75,76,10.29
324,North,33.62,-81.1,79.0,20,61,8.32
325,Port,46.16,5.57,50.0,75,70,2.24
326,Satun,6.62,100.07,80.6,20,94,3.18
327,Esperance,10.24,-61.45,87.8,20,48,14.99
328,Kaitangata,-46.28,169.85,42.55,0,73,4.18
329,Eenhana,-17.48,16.34,84.2,32,30,2.24
330,Swan,41.47,-93.31,73.0,75,56,10.29
331,Ampanihy,-24.69,44.75,76.84,68,60,8.88
332,Chokurdakh,70.62,147.9,11.77,64,75,3.18
333,Novosysoyevka,44.23,133.36,28.51,68,85,2.17
334,Erzurum,39.91,41.27,39.2,0,69,1.12
335,Zhicheng,35.04,112.59,54.97,8,77,6.64
336,Veracruz,7.66,-72.25,89.6,40,52,13.87
337,Champerico,16.38,-93.6,95.0,5,23,5.82
338,Alofi,-19.06,-169.92,80.6,48,88,6.93
339,Qandala,11.47,49.87,70.81,0,81,3.4
340,Nikel,69.41,30.21,26.6,40,79,10.29
341,Paris,48.86,2.35,55.4,0,58,5.82
342,Amapa,15.09,-87.97,96.8,20,32,5.82
343,Erdenet,49.03,104.04,22.57,80,81,2.62
344,Zhigansk,66.77,123.37,21.31,48,82,6.98
345,Barguzin,53.62,109.63,1.6,0,62,2.06
346,Catuday,16.29,119.81,79.9,0,98,4.07
347,Najran,17.54,44.22,82.4,75,39,17.22
348,Banamba,13.55,-7.45,84.76,0,27,8.66
349,Grand,48.39,5.49,51.01,0,93,9.78
350,Prainha,-1.8,-53.48,80.35,56,88,5.41
351,Benguela,-12.58,13.4,78.55,8,100,4.97
352,Acajutla,13.59,-89.83,82.0,56,77,5.01
353,Kolvereid,64.86,11.6,39.2,75,60,9.17
354,Anqing,30.51,117.04,60.19,0,85,1.61
355,Winston-Salem,36.1,-80.24,73.99,90,82,9.17
356,Nueva,43.44,-4.94,55.0,48,87,2.73
357,Ghanaur,30.33,76.61,72.25,44,62,6.98
358,Husavik,50.56,-96.99,46.0,88,98,5.01
359,Jawhar,19.91,73.23,64.96,12,88,2.95
360,Nemuro,43.32,145.57,33.73,0,98,14.81
361,Inhambane,-23.87,35.38,78.1,88,91,10.22
362,Charyshskoye,51.4,83.56,18.16,0,72,4.07
363,Elizabeth,40.66,-74.21,72.0,1,39,13.87
364,Marondera,-18.19,31.55,63.52,44,65,3.06
365,Praia,-20.25,-43.81,84.2,40,54,6.93
366,Ballina,54.11,-9.15,51.8,40,81,11.41
367,Dorado,18.46,-66.27,84.99,40,65,16.11
368,Klaksvik,62.23,-6.59,39.2,64,95,14.99
369,Kutum,14.2,24.66,66.4,0,24,7.76
370,Venezuela,21.74,-78.8,85.93,68,64,8.66
371,Puerto,8.5,124.75,77.0,20,90,5.99
372,Ranong,9.96,98.62,81.88,0,100,5.41
373,Lexington,38.05,-84.5,68.0,90,88,6.93
374,Reyes,-14.3,-67.34,84.2,0,51,3.18
375,Rio,43.45,-89.24,60.01,90,93,8.05
376,Acapulco,16.86,-99.88,82.4,40,74,11.41
377,Jardim,-21.48,-56.15,74.41,0,58,7.76
378,Padang,-0.92,100.36,81.43,56,100,6.64
379,Chekmagush,55.14,54.65,36.16,92,93,10.22
380,Samarai,-10.62,150.67,76.48,88,100,1.95
381,Ulaanbaatar,47.92,106.92,30.2,75,58,4.47
382,Lethem,3.38,-59.8,95.38,20,35,15.26
383,Cabo,35.43,-88.47,68.0,90,93,9.17
384,Hoquiam,46.98,-123.89,55.0,90,87,9.17
385,Chuguyevka,44.17,133.87,27.43,76,79,2.28
386,Mutsu,41.29,141.2,36.0,0,75,3.0
387,Lobito,-12.35,13.55,71.35,0,95,1.05
388,Chiredzi,-21.05,31.67,75.76,68,68,6.08
389,Nyeri,-0.42,36.95,60.1,32,88,2.84
390,Kargasok,59.06,80.87,23.02,24,89,3.96
391,Kota,25.17,75.86,69.73,0,62,2.84
392,Banda,25.47,80.33,72.43,36,69,1.16
393,Tiarei,-17.53,-149.33,87.8,20,66,4.7
394,Sur,22.57,59.53,82.15,8,78,3.74
395,Rosarito,4.91,-75.23,84.2,75,77,8.05
396,Honiara,-9.43,159.96,76.84,76,98,2.51
397,Safford,32.83,-109.71,79.0,1,19,8.05
398,Gat,14.69,-16.54,77.0,0,38,23.04
399,Harper,30.3,-99.24,71.6,75,72,8.05
400,San,13.3,-4.9,85.93,36,27,9.78
401,Matamoros,25.87,-97.51,81.0,1,54,9.17
402,West,31.8,-97.09,69.01,90,82,6.64
403,Sept-Iles,50.2,-66.38,27.0,75,25,18.34
404,Parana,-7.52,-72.89,75.2,90,78,4.7
405,Coleraine,55.13,-6.67,50.0,90,81,10.29
406,Luganville,-15.51,167.18,81.25,8,100,12.68
407,Belmonte,40.36,-7.35,51.01,92,87,7.0
408,Fairbanks,64.84,-147.72,44.01,1,44,3.36
409,Tessalit,20.2,1.01,65.68,0,23,7.99
410,Dahanu,19.97,72.73,78.55,20,100,7.76
411,Cap,49.27,-1.21,52.0,0,87,4.7
412,Yaan,7.38,8.57,83.32,56,71,7.65
413,Coxim,-18.5,-54.75,78.46,92,73,6.53
414,Mattawa,46.32,-78.7,37.0,90,100,19.46
415,Kantang,7.42,99.52,78.73,36,100,2.17
416,Tautira,-17.73,-149.15,87.8,20,66,4.7
417,Mezen,65.85,44.24,27.34,56,93,3.18
418,Marsa,42.82,2.16,55.99,0,66,2.24
419,Ulladulla,-35.36,150.48,57.2,0,71,2.24
420,Afrikanda,67.44,32.78,29.59,92,75,7.65
421,Manokwari,-0.87,134.08,79.0,76,100,1.39
422,Abha,18.22,42.5,66.2,0,72,6.93
423,Saldanha,41.42,-6.55,46.78,92,97,8.66
424,Smithers,54.78,-127.17,48.2,90,49,11.41
425,Aksu,52.04,76.93,24.8,0,79,6.71
426,Kieta,-6.22,155.63,79.9,76,100,3.96
427,Lukulu,-14.38,23.24,74.95,88,67,2.62
428,Dalvik,57.79,14.13,43.0,0,65,11.41
429,Filadelfia,-22.35,-60.04,75.13,0,69,7.2
430,Riviere-au-Renard,49.0,-64.4,30.2,40,30,19.46
431,Richards,46.84,-95.91,57.0,90,100,6.93
432,Penzance,50.12,-5.53,53.01,20,93,12.75
433,Kaduqli,11.01,29.72,74.05,0,39,3.96
434,Neka,36.65,53.3,57.2,90,82,2.73
435,Teguise,29.06,-13.56,66.2,20,72,12.75
436,Lompoc,34.64,-120.46,79.0,1,60,10.29
437,Sao,20.51,76.21,74.14,0,38,6.2
438,Srednekolymsk,67.46,153.71,9.7,56,82,3.18
439,Ouidah,6.37,2.09,77.0,20,94,8.05
440,Chumikan,54.72,135.31,30.85,80,87,4.52
441,Dukhovnitskoye,52.48,48.21,34.45,80,96,3.51
442,Visby,57.64,18.3,34.0,0,92,3.29
443,Foumban,5.73,10.9,67.03,36,94,2.17
444,Sao,20.51,76.21,74.14,0,38,6.2
445,San,13.3,-4.9,85.93,36,27,9.78
446,Conde,-11.81,-37.61,82.87,80,81,7.87
447,Puerto,8.5,124.75,77.0,20,90,5.99
448,Sinnamary,5.38,-52.96,80.44,80,94,12.01
449,Kjollefjord,70.95,27.35,30.2,75,63,16.11
450,Zyryanka,65.73,150.89,11.5,24,82,3.06
451,Coquimbo,-29.95,-71.34,62.6,75,77,11.41
452,Hamilton,32.3,-64.78,71.01,75,94,2.24
453,Mount,53.66,-1.85,54.0,75,93,10.29
454,Manaure,11.78,-72.45,95.0,0,39,4.7
455,Port,46.16,5.57,50.0,75,70,2.24
456,Hay,-34.51,144.84,49.57,0,82,2.95
457,San,13.3,-4.9,85.93,36,27,9.78
458,Aswan,24.09,32.9,77.56,0,36,11.12
459,Geilo,60.53,8.21,28.99,76,68,2.95
460,Asyut,27.18,31.19,69.8,0,37,13.87
461,Polyanka,50.26,27.69,49.66,44,90,3.18
462,Mogadishu,2.04,45.34,83.05,12,100,11.68
463,Stepnogorsk,52.35,71.88,28.06,0,83,3.4
464,Culebra,34.68,-105.77,69.8,1,16,9.17
465,Grand-Bourg,15.88,-61.31,86.0,90,51,17.22
466,Balakovo,52.02,47.82,34.45,80,96,3.51
467,Laguna,27.52,-110.01,86.0,5,22,11.41
468,Constitucion,23.99,-104.67,69.01,20,19,4.29
469,Dawlatabad,36.41,64.91,55.24,12,86,3.18
470,Tromso,69.65,18.96,30.2,20,68,13.87
471,Port,46.16,5.57,50.0,75,70,2.24
472,Jiazi,19.61,110.49,75.2,0,100,2.24
473,Batticaloa,7.71,81.69,79.0,12,100,4.52
474,Cururupu,-1.82,-44.87,77.83,68,96,0.94
475,Serik,36.92,31.1,59.0,0,72,2.24
476,Talcahuano,-36.72,-73.12,64.4,0,63,11.41
477,Hue,16.47,107.58,78.8,20,94,1.12
478,Sisimiut,66.94,-53.67,31.03,92,88,1.72
479,Vestmannaeyjar,63.44,-20.27,38.86,12,91,18.28
480,Emerald,-23.53,148.16,64.4,0,93,4.7
481,Millinocket,45.66,-68.71,54.0,1,39,12.75
482,Manzhouli,49.6,117.43,15.37,8,64,6.08
483,Sokol,59.46,40.11,24.46,0,79,3.85
484,Burnie,-41.05,145.91,50.0,76,77,3.0
485,Joshimath,30.57,79.57,11.23,0,100,1.28
486,Cabedelo,-6.97,-34.84,84.2,75,74,10.29
487,Ponta,31.9,-95.08,79.0,90,94,3.36
488,Itarema,-2.92,-39.92,79.36,56,92,6.87
489,Druskininkai,54.02,23.98,37.24,0,89,2.95
490,Navalmoral,40.46,-4.77,48.99,80,90,2.73
491,Veere,51.55,3.67,63.0,68,76,11.41
492,Lebedinyy,58.52,125.52,21.31,80,81,2.39
493,Deputatskiy,69.3,139.9,-0.84,0,52,2.73
494,Hudson,40.07,-104.64,71.01,1,15,3.36
495,Kursavka,44.46,42.51,48.2,90,81,11.18
496,Santa,17.49,120.43,67.93,0,82,3.18
497,San,13.3,-4.9,85.93,36,27,9.78
498,Kendari,-3.99,122.52,75.4,64,94,2.62
499,Shagonar,51.54,92.92,14.65,8,73,1.95
500,Leoben,47.38,15.09,51.8,75,76,1.12
501,Sioux,46.74,-90.88,53.6,90,93,3.36
502,Trinidad,-33.52,-56.9,70.81,0,43,2.95
503,Tuatapere,-46.13,167.69,47.41,0,100,5.19
504,Seymchan,62.93,152.39,11.77,0,72,3.51
505,Mbandaka,0.05,18.26,73.15,12,100,2.17
506,Suluova,40.83,35.65,54.0,75,66,3.36
507,Voyinka,45.87,33.99,48.04,20,73,8.32
508,Gisborne,-38.66,178.02,51.01,0,99,4.0
509,Moron,10.49,-68.2,77.11,76,70,4.63
510,Gwadar,25.12,62.33,78.28,0,84,10.33
511,Kabo,7.69,18.62,84.58,44,59,13.35
512,Tarsus,36.92,34.88,63.0,20,63,6.93
513,Grand-Santi,4.27,-54.38,81.43,92,71,3.4
514,Garissa,-0.46,39.64,84.22,12,45,11.23
515,Meulaboh,4.14,96.13,80.08,64,100,3.06
516,Santa,17.49,120.43,67.93,0,82,3.18
517,Cabinda,-5.56,12.19,82.24,80,100,6.2
518,Mezhdurechensk,53.69,88.07,21.4,20,78,2.39
519,Glendive,47.11,-104.71,60.8,1,24,17.22
520,Namatanai,-3.66,152.44,79.27,48,100,9.66
521,Arman,59.7,150.17,20.86,20,68,4.41
522,Amara,44.62,27.32,54.0,44,65,5.97
523,Bourail,-21.57,165.5,67.75,92,100,10.0
524,Guerrero,-24.19,-65.45,80.6,20,44,5.82
525,Mindelo,41.31,-8.72,57.99,90,93,14.99
526,Santa,17.49,120.43,67.93,0,82,3.18
527,Faya,18.39,42.45,66.2,0,72,6.93
528,Ilebo,-4.33,20.59,73.51,88,96,1.16
529,Nelson,49.49,-117.29,44.01,92,85,2.17
530,Esso,55.93,158.7,14.47,48,87,2.28
531,Carlyle,49.63,-102.27,59.0,1,44,12.75
532,Oktyabrskiy,55.61,37.97,42.01,20,80,6.71
